instance_id,music_genre
48564,Hip-Hop
72394,Blues
88081,Rap
78331,Country
72636,Electronic
74228,Jazz
39106,Alternative
78829,Blues
91469,Blues
54558,Country
44055,Anime
29671,Classical
56323,Country
54809,Blues
55369,Hip-Hop
68566,Hip-Hop
53565,Anime
69565,Blues
39014,Rap
28452,Electronic
40219,Blues
41832,Rap
50963,Anime
58058,Blues
41339,Country
25263,Electronic
30932,Hip-Hop
65113,Blues
43628,Blues
82352,Rap
25868,Electronic
57582,Blues
64912,Rap
30690,Blues
58160,Rap
48352,Jazz
32598,Jazz
81733,Electronic
68478,Blues
61070,Jazz
87062,Jazz
50604,Alternative
51443,Electronic
79739,Anime
52375,Electronic
43645,Blues
51950,Anime
62180,Electronic
91491,Hip-Hop
57217,Anime
30912,Country
37289,Rap
58378,Rap
83848,Jazz
88071,Anime
78696,Electronic
73721,Anime
21431,Classical
33066,Rock
71571,Electronic
54360,Country
61237,Anime
43763,Anime
53222,Hip-Hop
24144,Hip-Hop
35526,Blues
79272,Country
28682,Hip-Hop
78220,Classical
42113,Alternative
29197,Electronic
73749,Electronic
76959,Classical
32662,Country
28240,Blues
78684,Hip-Hop
23339,Country
66580,Electronic
62293,Blues
73224,Blues
63436,Classical
85265,Electronic
49131,Anime
42894,Blues
32778,Blues
88626,Anime
20474,Rap
57621,Anime
68702,Anime
68429,Hip-Hop
48412,Country
31462,Hip-Hop
20258,Electronic
80048,Anime
36643,Country
51269,Alternative
36620,Anime
47393,Alternative
34229,Anime
27054,Blues
74946,Electronic
79753,Classical
78997,Blues
90739,Alternative
34604,Electronic
48875,Blues
72374,Blues
84383,Electronic
82285,Anime
49168,Country
35219,Hip-Hop
72531,Blues
37626,Blues
74540,Electronic
22782,Blues
59663,Rap
65605,Blues
63227,Anime
27942,Blues
61120,Hip-Hop
59041,Hip-Hop
67531,Blues
89417,Anime
51652,Country
23769,Hip-Hop
88512,Rap
69103,Country
25734,Anime
35192,Blues
77761,Anime
58002,Rap
27331,Rap
90879,Hip-Hop
66951,Electronic
21111,Rock
36583,Blues
69430,Jazz
26846,Rap
54227,Classical
79612,Blues
36250,Blues
71243,Jazz
41033,Classical
58600,Rap
64358,Anime
55882,Electronic
67981,Electronic
78157,Country
39280,Country
65167,Anime
50033,Hip-Hop
34067,Country
71541,Blues
58044,Jazz
67611,Rap
88524,Electronic
50007,Anime
36733,Electronic
55966,Blues
29854,Country
47533,Rap
84957,Blues
27733,Electronic
88890,Blues
71105,Rap
87402,Jazz
81300,Jazz
25948,Electronic
30686,Alternative
27597,Classical
46658,Electronic
33241,Jazz
34855,Rap
39290,Country
61297,Rap
79393,Rap
85447,Blues
24779,Classical
21888,Electronic
22450,Rap
21637,Electronic
76444,Alternative
34627,Anime
30361,Jazz
22862,Rap
55635,Rap
39392,Alternative
21530,Electronic
53803,Jazz
79904,Jazz
79589,Blues
38281,Electronic
26187,Anime
65289,Country
38631,Electronic
34026,Alternative
81881,Country
25877,Classical
79755,Country
67894,Jazz
50248,Blues
32074,Blues
41890,Alternative
36233,Rap
63019,Jazz
31135,Electronic
91653,Classical
67493,Hip-Hop
45720,Blues
78113,Electronic
66990,Hip-Hop
33226,Electronic
43840,Alternative
66599,Electronic
37709,Anime
89646,Jazz
41952,Anime
90953,Classical
26762,Electronic
62414,Alternative
54492,Country
22070,Electronic
34735,Anime
37276,Anime
91709,Country
79337,Anime
32555,Blues
28310,Rap
60154,Hip-Hop
89947,Electronic
67061,Anime
82280,Country
67551,Rap
49912,Blues
44285,Country
62759,Electronic
26763,Country
88251,Blues
21144,Rap
39166,Blues
58756,Electronic
74087,Electronic
58075,Blues
49533,Country
79989,Electronic
58425,Electronic
62607,Classical
85075,Classical
56756,Blues
28898,Blues
42118,Jazz
55409,Rap
31714,Anime
41361,Rap
30503,Country
45222,Blues
68913,Alternative
74995,Hip-Hop
47775,Blues
37384,Anime
49180,Jazz
28678,Classical
42464,Anime
79508,Alternative
62403,Electronic
40756,Rap
85665,Country
79277,Blues
23449,Rap
82350,Blues
61130,Country
55562,Rap
78807,Country
67592,Blues
58204,Country
42874,Rap
76341,Electronic
47432,Classical
22904,Blues
42683,Electronic
72925,Jazz
25202,Electronic
23994,Rap
41096,Blues
53503,Alternative
83671,Anime
59711,Alternative
61562,Alternative
67914,Jazz
50650,Electronic
32141,Rap
50317,Electronic
51665,Country
70042,Country
27911,Electronic
40311,Hip-Hop
49904,Hip-Hop
47588,Electronic
44657,Blues
23053,Rap
42143,Country
77852,Classical
58240,Blues
67419,Blues
75524,Electronic
29774,Rap
60161,Electronic
45935,Classical
50100,Electronic
27735,Jazz
22155,Anime
28074,Classical
70652,Blues
73891,Classical
67578,Classical
48379,Blues
53364,Rap
46115,Blues
80693,Jazz
86176,Country
69079,Country
29436,Country
55813,Hip-Hop
78708,Anime
81049,Alternative
36822,Electronic
22274,Electronic
41472,Blues
69744,Blues
85910,Rap
79522,Rap
86953,Rap
65953,Electronic
70639,Anime
79193,Jazz
35294,Blues
77931,Country
63066,Electronic
68106,Electronic
85652,Jazz
68770,Blues
75085,Electronic
80369,Blues
79286,Alternative
63102,Alternative
86706,Alternative
49496,Rap
43631,Jazz
28056,Rap
37736,Blues
60812,Blues
23204,Blues
54161,Country
30121,Country
66816,Alternative
82621,Country
28760,Hip-Hop
85574,Rap
27085,Electronic
58429,Blues
39227,Classical
75952,Hip-Hop
83656,Alternative
58626,Blues
76948,Hip-Hop
40834,Anime
66252,Rap
59319,Classical
62342,Anime
32156,Electronic
35817,Country
77770,Country
25530,Electronic
67138,Hip-Hop
74197,Electronic
28720,Classical
34223,Alternative
59705,Country
26142,Country
46526,Hip-Hop
23005,Electronic
59474,Classical
45707,Blues
27027,Classical
57553,Country
90987,Hip-Hop
41262,Electronic
78385,Alternative
30750,Hip-Hop
65283,Hip-Hop
45981,Classical
65943,Rap
22917,Rap
81906,Electronic
47576,Classical
83134,Blues
77843,Country
30061,Electronic
85448,Alternative
58815,Blues
39610,Classical
28228,Electronic
20724,Jazz
39201,Electronic
77056,Anime
52020,Electronic
22943,Rap
87928,Rap
91571,Jazz
35921,Anime
86157,Classical
61361,Classical
61824,Country
91068,Country
26519,Country
54567,Anime
84864,Blues
86854,Rap
28672,Classical
89590,Rap
40950,Classical
84346,Country
88444,Alternative
84165,Blues
54821,Blues
49692,Blues
46715,Rap
52010,Rap
82981,Alternative
25725,Electronic
30019,Blues
35896,Alternative
79523,Electronic
86615,Country
22846,Rap
69121,Rap
87501,Classical
60441,Electronic
59679,Anime
73116,Jazz
79128,Anime
77924,Blues
50103,Electronic
32687,Classical
36166,Jazz
23042,Classical
86267,Classical
86002,Alternative
54217,Classical
32061,Electronic
90641,Classical
25215,Blues
76746,Electronic
55403,Rap
53545,Classical
28508,Electronic
34635,Classical
83181,Jazz
40431,Rap
53432,Rap
72380,Country
91547,Jazz
21329,Alternative
48834,Electronic
60260,Jazz
62596,Rap
88414,Classical
27670,Blues
20184,Rap
74754,Alternative
51779,Jazz
44229,Blues
38429,Electronic
52175,Electronic
74508,Country
38226,Blues
88033,Hip-Hop
46508,Country
28366,Country
43879,Blues
76786,Country
79751,Electronic
68264,Electronic
35263,Electronic
27380,Jazz
43617,Alternative
66753,Alternative
81392,Electronic
87466,Blues
43503,Rap
64420,Alternative
79663,Alternative
69705,Electronic
23454,Anime
89415,Anime
85299,Classical
52464,Electronic
87262,Jazz
82220,Electronic
53978,Hip-Hop
26077,Alternative
34361,Classical
79197,Hip-Hop
44679,Hip-Hop
87060,Blues
69407,Electronic
24344,Jazz
32903,Anime
81260,Hip-Hop
87783,Blues
59070,Blues
84713,Country
39540,Anime
87881,Electronic
62139,Country
34809,Jazz
25628,Electronic
45163,Electronic
30628,Anime
88973,Hip-Hop
79958,Blues
39602,Electronic
67145,Blues
31157,Hip-Hop
89361,Alternative
38655,Rap
30081,Alternative
85900,Electronic
73908,Country
40349,Blues
54879,Rock
67338,Rap
37894,Electronic
83715,Blues
27123,Electronic
91289,Classical
53547,Anime
78358,Blues
73070,Anime
85231,Jazz
57054,Hip-Hop
26421,Rap
84532,Hip-Hop
65393,Blues
27409,Electronic
54312,Anime
74195,Electronic
48112,Hip-Hop
48227,Blues
67568,Rap
38819,Hip-Hop
29974,Blues
75851,Blues
38200,Blues
34119,Alternative
47538,Classical
50199,Hip-Hop
27378,Country
54292,Electronic
25808,Rap
64587,Blues
75010,Jazz
87791,Hip-Hop
85250,Country
62104,Jazz
57713,Electronic
79767,Blues
57625,Blues
21071,Electronic
54208,Electronic
22607,Classical
28279,Rap
33901,Rap
35304,Blues
73033,Jazz
43728,Country
38952,Anime
35753,Hip-Hop
87301,Electronic
68674,Electronic
89545,Electronic
84037,Blues
40629,Alternative
66762,Hip-Hop
38489,Blues
50798,Hip-Hop
59440,Blues
65178,Blues
89685,Blues
75272,Electronic
86956,Hip-Hop
54030,Country
82915,Rap
52094,Country
51792,Hip-Hop
28284,Rap
20113,Blues
87653,Alternative
35743,Electronic
26678,Anime
73596,Electronic
51560,Blues
56709,Hip-Hop
24928,Electronic
53403,Blues
22619,Blues
53744,Classical
54616,Alternative
61554,Country
69985,Anime
77452,Alternative
23419,Anime
33908,Rap
28964,Blues
76506,Electronic
33456,Blues
24191,Rap
71957,Rap
60030,Blues
67030,Country
48507,Electronic
70915,Jazz
46551,Alternative
89424,Jazz
44108,Blues
75115,Electronic
22398,Blues
80442,Alternative
28649,Hip-Hop
44755,Rap
40871,Classical
81727,Blues
90895,Alternative
80298,Blues
36834,Blues
64081,Electronic
42371,Alternative
30453,Rap
36618,Electronic
61161,Anime
69958,Blues
77541,Blues
39478,Hip-Hop
53182,Blues
91376,Anime
74527,Classical
37367,Electronic
85484,Alternative
78633,Anime
48596,Blues
74826,Rap
80998,Jazz
53417,Electronic
57049,Electronic
33615,Electronic
80751,Blues
61234,Electronic
62521,Blues
23508,Electronic
87143,Alternative
77220,Alternative
78207,Rap
39623,Blues
39015,Electronic
67572,Blues
82669,Country
46911,Hip-Hop
76013,Classical
80753,Rap
48074,Country
64825,Anime
63874,Blues
57271,Alternative
51202,Anime
67118,Rap
83814,Anime
39573,Electronic
84886,Rap
86847,Electronic
82518,Anime
42067,Alternative
48139,Blues
56337,Alternative
88537,Electronic
59730,Blues
32174,Electronic
73134,Alternative
44579,Hip-Hop
31042,Electronic
73932,Country
88390,Alternative
83099,Country
84090,Anime
78602,Jazz
49931,Electronic
35740,Country
54430,Blues
36997,Jazz
46176,Alternative
59673,Blues
79201,Country
83689,Rap
84282,Hip-Hop
77132,Country
66739,Electronic
88734,Electronic
83245,Electronic
25710,Anime
39970,Anime
76018,Country
44135,Country
70179,Hip-Hop
83697,Electronic
36561,Blues
84578,Blues
70828,Country
83492,Rap
27262,Blues
51203,Electronic
58158,Electronic
61086,Electronic
67100,Country
25075,Blues
88257,Country
51359,Electronic
39806,Rap
83290,Classical
71123,Classical
75263,Hip-Hop
21285,Blues
39144,Electronic
81556,Classical
75841,Blues
72512,Blues
70076,Country
20475,Blues
60876,Anime
66334,Jazz
46536,Hip-Hop
21821,Electronic
66861,Country
59942,Country
61748,Blues
30388,Hip-Hop
38184,Anime
47767,Alternative
33039,Blues
85876,Anime
49775,Anime
33221,Alternative
20810,Country
36524,Anime
79824,Electronic
28907,Rap
36410,Electronic
85580,Jazz
62021,Alternative
35234,Jazz
41738,Anime
30543,Anime
32989,Blues
28163,Blues
33828,Country
67600,Rap
61671,Rap
44146,Hip-Hop
63726,Alternative
84088,Anime
28335,Blues
88531,Country
22198,Alternative
38212,Anime
66928,Blues
85196,Rap
27991,Electronic
90666,Classical
31945,Anime
86909,Blues
69376,Country
63721,Jazz
47711,Electronic
26007,Blues
50041,Rap
23664,Anime
84668,Classical
59235,Anime
82927,Anime
56602,Alternative
51534,Country
29908,Country
62571,Classical
38427,Hip-Hop
49885,Hip-Hop
68035,Country
47258,Electronic
32688,Electronic
69783,Anime
58518,Blues
25785,Anime
40674,Anime
74474,Blues
60437,Blues
23622,Electronic
45052,Anime
70889,Electronic
75764,Jazz
46132,Alternative
44894,Rap
67077,Rap
26779,Alternative
90219,Classical
91167,Blues
54884,Blues
64678,Blues
72419,Classical
83764,Classical
28186,Blues
44624,Country
60777,Rap
43148,Country
52203,Hip-Hop
46274,Anime
80212,Blues
27001,Hip-Hop
34554,Classical
89072,Blues
44487,Anime
82282,Alternative
54254,Anime
82299,Country
84743,Classical
54079,Country
60209,Electronic
33289,Rap
85846,Electronic
37991,Classical
72003,Electronic
62836,Alternative
25381,Blues
61659,Electronic
71642,Country
80286,Anime
30541,Alternative
31155,Anime
46418,Electronic
82955,Electronic
70585,Anime
88180,Blues
62783,Anime
50771,Jazz
21105,Country
84877,Hip-Hop
78148,Hip-Hop
67139,Electronic
56479,Classical
90177,Anime
63384,Country
23928,Hip-Hop
60749,Anime
68536,Country
79598,Alternative
25252,Electronic
60822,Jazz
77505,Alternative
22240,Hip-Hop
49113,Anime
41580,Electronic
61907,Alternative
32568,Blues
39605,Classical
64719,Electronic
23473,Jazz
20307,Hip-Hop
56738,Rap
35991,Alternative
73523,Hip-Hop
37642,Rap
81112,Blues
32712,Hip-Hop
54062,Electronic
73419,Electronic
22248,Classical
55308,Electronic
45343,Blues
29305,Blues
73902,Alternative
51267,Country
25157,Classical
36521,Rap
67241,Blues
37570,Classical
22494,Blues
86486,Classical
39626,Electronic
90012,Jazz
82025,Hip-Hop
63481,Jazz
42187,Blues
47892,Rap
83995,Blues
68152,Alternative
47899,Country
54923,Blues
27286,Anime
43508,Electronic
43609,Alternative
37814,Anime
82006,Blues
37701,Blues
53248,Anime
88692,Country
50223,Jazz
50528,Anime
39604,Anime
63225,Anime
89175,Anime
46776,Blues
44480,Blues
47890,Blues
59958,Anime
71497,Hip-Hop
81884,Blues
25192,Classical
47627,Electronic
39869,Rap
27854,Anime
87753,Country
72961,Alternative
44528,Rap
40270,Electronic
75334,Anime
82276,Alternative
52182,Jazz
53685,Electronic
88872,Alternative
57298,Country
70416,Anime
63095,Anime
37324,Rap
65017,Country
36441,Electronic
75545,Hip-Hop
26520,Electronic
30517,Blues
90819,Country
56008,Blues
46832,Blues
57028,Blues
27156,Anime
62455,Blues
55149,Anime
22170,Alternative
68329,Electronic
22554,Electronic
74505,Jazz
46114,Country
81510,Rap
43169,Anime
69755,Electronic
24200,Country
33600,Classical
55719,Blues
64201,Blues
24202,Anime
33488,Alternative
46652,Electronic
32250,Country
27917,Blues
73828,Classical
34363,Blues
46939,Blues
78931,Anime
23749,Electronic
53574,Anime
55328,Alternative
87246,Blues
31058,Electronic
80721,Electronic
42908,Anime
25612,Hip-Hop
22781,Blues
34175,Country
26434,Blues
90160,Hip-Hop
65631,Anime
85393,Jazz
52736,Anime
87139,Electronic
40831,Anime
28938,Blues
86484,Anime
71536,Blues
87650,Jazz
74169,Country
87417,Electronic
58181,Jazz
75896,Country
83022,Hip-Hop
34209,Country
74159,Hip-Hop
33612,Blues
68424,Anime
75224,Blues
49084,Rap
45005,Alternative
26427,Classical
39702,Jazz
45739,Country
38698,Anime
36109,Anime
84104,Hip-Hop
74096,Blues
33130,Alternative
57815,Blues
79081,Jazz
43010,Jazz
74107,Hip-Hop
33331,Country
86104,Country
20012,Alternative
87531,Electronic
52242,Classical
45150,Blues
34334,Electronic
51250,Alternative
51276,Alternative
70498,Anime
88987,Alternative
66713,Blues
69517,Electronic
84021,Jazz
49799,Hip-Hop
22006,Classical
87612,Hip-Hop
63177,Electronic
26673,Country
31830,Anime
61556,Blues
42500,Electronic
59584,Electronic
22334,Blues
47182,Hip-Hop
85252,Hip-Hop
32028,Classical
69980,Electronic
39937,Rap
74062,Blues
70923,Alternative
73539,Blues
67129,Rap
60571,Hip-Hop
46242,Electronic
91648,Alternative
28401,Anime
62330,Blues
60498,Alternative
85106,Country
25234,Anime
68305,Alternative
90043,Country
86790,Country
90184,Rap
80511,Alternative
79134,Alternative
41645,Anime
58428,Rap
63966,Jazz
86312,Blues
91144,Hip-Hop
60788,Anime
88837,Country
28081,Electronic
77370,Jazz
68731,Anime
25926,Electronic
42355,Electronic
56055,Alternative
73476,Jazz
20833,Country
89357,Alternative
89341,Country
70183,Rap
36052,Country
61683,Electronic
78218,Jazz
77796,Rap
83620,Anime
34352,Hip-Hop
23649,Anime
28960,Anime
50688,Anime
39564,Country
78713,Electronic
52610,Country
75891,Electronic
85932,Blues
23968,Blues
59522,Anime
70467,Electronic
85663,Anime
88921,Jazz
36991,Alternative
78594,Blues
31794,Country
48500,Electronic
61995,Blues
83252,Rap
88471,Blues
53035,Rap
24075,Country
59115,Blues
39593,Anime
69884,Rap
57179,Rap
24444,Alternative
44582,Jazz
31641,Anime
20089,Alternative
73942,Jazz
48014,Anime
78231,Electronic
27833,Classical
52213,Anime
77273,Blues
27315,Electronic
87220,Electronic
45858,Jazz
36062,Blues
90700,Anime
42993,Blues
70517,Blues
51375,Hip-Hop
49585,Blues
25399,Rap
86456,Country
60340,Jazz
23077,Blues
91043,Alternative
26761,Classical
35454,Electronic
45214,Electronic
44686,Anime
21559,Electronic
88556,Classical
31223,Alternative
82000,Alternative
45271,Electronic
37980,Anime
42445,Jazz
39078,Electronic
77133,Electronic
55873,Hip-Hop
37061,Jazz
69588,Blues
51445,Alternative
84941,Blues
76352,Hip-Hop
65009,Hip-Hop
84111,Rap
32725,Blues
27138,Country
59133,Alternative
60238,Jazz
27294,Blues
36686,Classical
27011,Rap
77838,Blues
82126,Blues
82655,Blues
50749,Blues
70428,Hip-Hop
34710,Jazz
76120,Alternative
68679,Electronic
51605,Jazz
46410,Electronic
43547,Anime
80709,Blues
69711,Anime
43177,Rap
55488,Jazz
71185,Alternative
44391,Country
48201,Country
55364,Electronic
83340,Electronic
32746,Hip-Hop
27811,Anime
43746,Blues
53594,Electronic
57945,Rap
45598,Electronic
24678,Electronic
75863,Rap
90662,Blues
20293,Jazz
58664,Alternative
91562,Electronic
35993,Rap
52846,Rap
67585,Classical
53600,Electronic
84770,Jazz
65387,Anime
54970,Alternative
75651,Jazz
52541,Blues
70020,Alternative
71932,Hip-Hop
68393,Country
42738,Rap
63970,Rap
84582,Electronic
53269,Electronic
40371,Country
26213,Classical
51394,Alternative
39889,Electronic
58811,Jazz
56696,Blues
67817,Alternative
44562,Electronic
61463,Electronic
62339,Country
66487,Electronic
64087,Blues
22515,Anime
61909,Rap
90415,Classical
60814,Country
22877,Alternative
26870,Alternative
48662,Hip-Hop
60357,Classical
63050,Rap
61232,Electronic
51782,Electronic
63890,Alternative
36296,Blues
67990,Blues
68906,Rap
69455,Blues
67875,Electronic
71487,Country
33186,Electronic
54323,Alternative
42456,Rap
69741,Alternative
41914,Hip-Hop
35208,Blues
69878,Hip-Hop
65984,Rap
80482,Classical
21353,Anime
83945,Electronic
36879,Alternative
63741,Rap
74739,Alternative
30089,Anime
21957,Blues
34489,Classical
79898,Blues
79232,Blues
66939,Electronic
66425,Anime
90367,Hip-Hop
72693,Classical
23392,Country
32818,Hip-Hop
62881,Rap
58433,Country
51099,Country
31412,Blues
68549,Electronic
68580,Blues
56471,Electronic
66734,Hip-Hop
49265,Electronic
22571,Country
75548,Rap
53582,Jazz
67535,Electronic
43440,Alternative
63993,Classical
70005,Rap
32953,Blues
40379,Jazz
28507,Rap
29736,Electronic
45621,Blues
84202,Alternative
69826,Electronic
90566,Anime
79392,Anime
77764,Blues
52823,Blues
89185,Electronic
26602,Anime
34441,Blues
59375,Blues
56834,Electronic
21941,Jazz
38478,Electronic
30684,Country
56890,Classical
28622,Anime
59231,Blues
68965,Blues
86519,Anime
82322,Anime
37539,Classical
21337,Electronic
64384,Classical
44600,Blues
78544,Blues
90563,Rap
74481,Rap
54518,Hip-Hop
81496,Jazz
43788,Country
82140,Alternative
50866,Country
87697,Jazz
81322,Blues
71606,Blues
74187,Rap
46749,Blues
61172,Country
67379,Electronic
43708,Electronic
31697,Classical
48753,Anime
86247,Rap
39321,Jazz
81303,Alternative
31700,Electronic
39283,Blues
86223,Electronic
36986,Jazz
69730,Alternative
31511,Anime
21320,Alternative
24362,Hip-Hop
81325,Alternative
54702,Blues
25164,Anime
29295,Jazz
28821,Blues
23465,Alternative
28266,Blues
63607,Blues
43957,Country
45417,Anime
24786,Country
29231,Jazz
28399,Hip-Hop
51688,Alternative
63677,Country
60857,Rap
46581,Jazz
90000,Hip-Hop
90721,Classical
42199,Anime
47069,Rap
37286,Anime
48423,Alternative
69748,Classical
64209,Blues
78921,Country
53020,Hip-Hop
20954,Electronic
51820,Classical
64456,Electronic
73654,Electronic
37470,Rap
36747,Jazz
59316,Blues
57868,Country
26108,Anime
90610,Country
37401,Electronic
42836,Anime
60187,Blues
76962,Electronic
21987,Country
25590,Classical
54053,Anime
91202,Blues
21776,Country
52271,Country
80021,Electronic
39210,Blues
49684,Hip-Hop
72272,Blues
46932,Classical
63821,Hip-Hop
67295,Alternative
38117,Country
65658,Jazz
77890,Anime
46643,Anime
50459,Jazz
27444,Anime
30281,Jazz
68231,Country
41288,Alternative
41813,Rap
27726,Electronic
75946,Rap
37037,Hip-Hop
54477,Rap
50421,Jazz
59966,Rap
60539,Country
39569,Hip-Hop
74179,Jazz
64859,Blues
37359,Jazz
83532,Country
67472,Rap
20971,Alternative
35602,Hip-Hop
35064,Electronic
67376,Anime
28369,Electronic
91357,Electronic
89310,Classical
42726,Alternative
44658,Jazz
62922,Country
90371,Anime
67102,Electronic
69093,Hip-Hop
81680,Country
59531,Electronic
89899,Electronic
71280,Jazz
62992,Hip-Hop
91365,Anime
72376,Classical
72735,Electronic
44626,Rap
65158,Electronic
54058,Electronic
52768,Hip-Hop
75154,Electronic
43079,Anime
54014,Rap
33317,Blues
90612,Rap
39582,Alternative
80146,Electronic
47524,Alternative
47873,Blues
89300,Rap
89750,Anime
52408,Electronic
46562,Rap
68530,Electronic
72018,Electronic
76114,Country
43717,Electronic
77758,Jazz
87126,Jazz
45711,Anime
21913,Rap
60284,Blues
58456,Jazz
76953,Anime
88097,Alternative
39038,Country
75244,Hip-Hop
84231,Electronic
28462,Anime
49911,Blues
75113,Hip-Hop
56495,Country
47770,Rap
85033,Anime
76250,Anime
70831,Blues
65544,Electronic
61329,Jazz
43484,Hip-Hop
39269,Country
33631,Alternative
48703,Country
37802,Electronic
38253,Jazz
37849,Alternative
65720,Blues
48828,Country
62073,Jazz
34598,Blues
34309,Jazz
39308,Rap
70837,Electronic
34894,Anime
87581,Rap
80606,Blues
37122,Alternative
24022,Alternative
89837,Electronic
54084,Electronic
45147,Blues
20360,Country
53780,Anime
60150,Classical
37065,Classical
20465,Anime
60222,Country
24232,Alternative
69493,Country
50507,Rock
21340,Alternative
57482,Country
77737,Blues
22582,Rap
32651,Rock
36782,Blues
44475,Electronic
39313,Country
75119,Rap
45293,Anime
63054,Alternative
26344,Country
35823,Anime
59101,Electronic
26985,Hip-Hop
44996,Classical
74360,Classical
49080,Blues
62952,Rap
35107,Blues
89338,Classical
76637,Electronic
59367,Electronic
22683,Blues
63772,Electronic
77616,Country
85197,Country
81252,Rap
46633,Country
91354,Blues
34952,Electronic
51615,Alternative
25525,Rap
47649,Blues
56748,Electronic
83690,Electronic
31060,Jazz
81822,Hip-Hop
65735,Electronic
52692,Electronic
20884,Rap
90068,Rap
47129,Jazz
34669,Alternative
21548,Electronic
71953,Classical
44816,Alternative
23924,Classical
89358,Alternative
43198,Rap
39563,Classical
49136,Anime
35228,Country
51376,Rap
35377,Classical
30876,Country
83732,Electronic
43852,Electronic
44195,Jazz
73276,Alternative
25204,Electronic
56229,Country
59023,Hip-Hop
38786,Rock
76358,Alternative
47725,Alternative
24256,Jazz
50014,Electronic
46563,Jazz
85858,Alternative
74524,Electronic
74767,Jazz
31011,Electronic
34767,Electronic
42385,Electronic
52222,Hip-Hop
25067,Blues
31184,Anime
46433,Classical
49888,Electronic
72951,Rap
39957,Electronic
34259,Electronic
76364,Jazz
80861,Alternative
37808,Hip-Hop
77717,Classical
47064,Blues
90586,Rap
73045,Country
63709,Alternative
57809,Electronic
64673,Blues
23211,Electronic
46582,Anime
29112,Hip-Hop
71956,Blues
33176,Anime
27864,Anime
86681,Anime
43449,Country
34772,Electronic
51757,Hip-Hop
30910,Rap
66814,Rap
21720,Hip-Hop
39542,Classical
83059,Blues
80772,Jazz
21700,Jazz
52270,Blues
56997,Anime
62782,Anime
79629,Electronic
78345,Electronic
49627,Blues
20383,Classical
44918,Rap
31519,Anime
50227,Anime
65171,Country
57200,Blues
23736,Electronic
58542,Electronic
57997,Jazz
72280,Blues
79493,Blues
55552,Jazz
83810,Hip-Hop
70337,Hip-Hop
40368,Jazz
71438,Anime
42328,Classical
59613,Blues
55561,Country
89733,Rap
71254,Electronic
65228,Alternative
70675,Classical
72633,Electronic
54228,Anime
27418,Anime
73139,Electronic
71475,Anime
68288,Jazz
40354,Classical
43671,Anime
87226,Classical
40617,Electronic
30969,Blues
58891,Jazz
57246,Rap
84355,Electronic
78490,Rap
46866,Electronic
64700,Country
48630,Country
28028,Anime
81849,Anime
55223,Alternative
23950,Anime
91310,Electronic
64499,Anime
68413,Electronic
28528,Alternative
31008,Electronic
85674,Alternative
40630,Electronic
25401,Blues
49666,Blues
49291,Jazz
66277,Hip-Hop
89779,Blues
20040,Rap
76744,Hip-Hop
80590,Alternative
68027,Country
30573,Electronic
30014,Anime
46225,Blues
57168,Electronic
28191,Country
39845,Jazz
31747,Electronic
79879,Jazz
48775,Blues
34267,Country
37650,Hip-Hop
75227,Anime
43188,Rap
76010,Alternative
25670,Anime
39137,Anime
78156,Blues
45953,Electronic
29543,Electronic
74482,Electronic
22392,Rap
25804,Jazz
47464,Country
29089,Anime
88310,Rap
61446,Anime
73368,Alternative
86252,Blues
83700,Electronic
65036,Blues
71722,Rap
47861,Jazz
64156,Blues
67741,Blues
22149,Anime
82374,Alternative
38127,Anime
78873,Blues
74151,Blues
69342,Alternative
85438,Electronic
84246,Electronic
21037,Anime
88397,Country
21876,Hip-Hop
86766,Blues
63480,Anime
58807,Jazz
70541,Classical
42673,Blues
44685,Anime
88581,Rap
65088,Alternative
20267,Electronic
62067,Electronic
68121,Classical
34387,Jazz
46272,Electronic
72149,Blues
55904,Anime
86710,Blues
69485,Hip-Hop
56993,Anime
36283,Country
52357,Hip-Hop
37101,Country
38706,Classical
39180,Electronic
70250,Alternative
77272,Jazz
84457,Electronic
84793,Anime
64494,Electronic
36468,Rap
33055,Blues
85625,Anime
75033,Blues
30549,Electronic
23092,Country
33885,Country
22929,Electronic
65842,Anime
62094,Country
79213,Classical
87496,Anime
66881,Anime
43655,Country
75219,Blues
86007,Blues
89204,Electronic
24317,Blues
91162,Blues
77488,Rap
49016,Classical
46628,Country
66629,Anime
22974,Hip-Hop
37543,Anime
22097,Electronic
24123,Country
23432,Rap
55218,Rap
43637,Jazz
73369,Electronic
72828,Alternative
39764,Jazz
86143,Blues
52911,Electronic
36349,Country
28590,Blues
36546,Electronic
38080,Alternative
61479,Electronic
70667,Electronic
84826,Electronic
50808,Country
51720,Blues
24392,Country
68320,Country
72497,Electronic
22150,Jazz
21526,Blues
70374,Blues
28370,Electronic
90085,Classical
47124,Rap
72471,Rap
30785,Electronic
23582,Blues
22719,Blues
86992,Electronic
35754,Jazz
77308,Country
35575,Anime
76768,Electronic
20395,Alternative
31082,Rap
90556,Blues
31444,Anime
74543,Anime
62264,Rap
41893,Jazz
51643,Electronic
54509,Jazz
39678,Rap
40266,Anime
82326,Anime
58307,Electronic
43837,Classical
47659,Classical
50893,Blues
62337,Blues
43364,Blues
36837,Electronic
77343,Anime
90511,Electronic
83958,Blues
86083,Electronic
26747,Rap
22853,Blues
65781,Rap
64393,Country
89582,Country
47294,Classical
90464,Hip-Hop
32779,Alternative
41788,Blues
67522,Rap
57562,Anime
24961,Electronic
45194,Rap
44317,Blues
30018,Alternative
29423,Anime
61643,Country
84829,Country
80355,Electronic
81489,Jazz
39973,Electronic
78194,Anime
23701,Electronic
28226,Electronic
89928,Alternative
26335,Blues
91284,Rap
50221,Rap
43923,Anime
38209,Jazz
70169,Alternative
22285,Alternative
76724,Electronic
20453,Electronic
53082,Electronic
66558,Electronic
68943,Rap
82199,Anime
26018,Country
56562,Electronic
74072,Rap
43073,Classical
76614,Blues
54093,Alternative
67728,Blues
89412,Anime
44634,Jazz
64907,Anime
88673,Rap
57745,Electronic
89952,Anime
55750,Blues
43009,Country
71077,Jazz
27329,Country
60563,Electronic
73772,Classical
62166,Electronic
88208,Anime
48011,Hip-Hop
52100,Hip-Hop
74691,Blues
27404,Country
62652,Classical
81116,Blues
70107,Jazz
59649,Classical
73443,Electronic
30259,Electronic
25207,Blues
62411,Jazz
88202,Country
69348,Hip-Hop
62065,Classical
75125,Blues
69209,Country
87068,Blues
49352,Blues
49380,Country
77988,Country
44070,Electronic
58610,Electronic
50345,Electronic
49042,Blues
68063,Electronic
57796,Classical
28948,Rap
33931,Blues
74457,Hip-Hop
26473,Rap
69015,Rap
36460,Blues
24513,Electronic
30015,Anime
21727,Alternative
85914,Hip-Hop
30641,Rap
69335,Rap
84974,Jazz
48529,Alternative
85844,Rap
66013,Anime
59308,Hip-Hop
91524,Classical
37281,Blues
57662,Anime
54159,Rap
23704,Country
26195,Anime
71485,Alternative
56476,Blues
34562,Jazz
28650,Country
57613,Country
60633,Electronic
34057,Alternative
74808,Blues
23124,Electronic
34664,Jazz
84763,Jazz
40235,Blues
37246,Jazz
80625,Electronic
52760,Alternative
24743,Blues
86739,Country
50128,Country
40472,Electronic
45924,Anime
83208,Electronic
55706,Hip-Hop
36072,Jazz
79899,Alternative
22577,Rap
72859,Blues
59165,Blues
62177,Electronic
74803,Jazz
72387,Country
87886,Blues
23288,Blues
74536,Hip-Hop
39219,Hip-Hop
22139,Alternative
81903,Electronic
91317,Electronic
32570,Electronic
33096,Hip-Hop
28818,Blues
46843,Jazz
91629,Alternative
49617,Rap
74346,Alternative
49892,Anime
80285,Classical
83680,Blues
51304,Blues
69621,Blues
61023,Country
83261,Rap
20786,Anime
83785,Blues
50081,Anime
86043,Alternative
24243,Anime
34953,Electronic
28904,Alternative
56573,Blues
52216,Electronic
75670,Blues
67175,Electronic
56904,Anime
32981,Electronic
28147,Anime
31827,Jazz
44057,Alternative
30401,Electronic
74393,Jazz
91203,Anime
51571,Hip-Hop
36849,Electronic
29844,Blues
37652,Anime
51111,Electronic
46197,Electronic
36371,Jazz
80292,Electronic
30873,Hip-Hop
63437,Country
66412,Anime
26766,Electronic
66857,Classical
29282,Anime
81589,Blues
30853,Anime
39426,Electronic
61571,Hip-Hop
52956,Rap
66869,Rap
87838,Alternative
45300,Electronic
45008,Classical
35950,Electronic
23308,Country
83462,Anime
61955,Blues
50539,Rap
46380,Hip-Hop
54209,Electronic
83319,Rap
62163,Anime
42541,Alternative
51489,Electronic
73303,Blues
38354,Blues
74723,Electronic
55699,Anime
45864,Country
66012,Classical
65848,Blues
36464,Electronic
50348,Country
82744,Electronic
53295,Blues
30256,Country
43938,Anime
42228,Country
51695,Blues
51237,Electronic
80890,Hip-Hop
46705,Country
26666,Alternative
56568,Electronic
50577,Jazz
76781,Jazz
44571,Electronic
45526,Jazz
90033,Anime
87413,Rap
27557,Anime
65209,Country
62315,Rap
78016,Electronic
84340,Country
41323,Hip-Hop
54358,Electronic
71288,Electronic
20117,Jazz
46169,Country
83214,Alternative
59581,Electronic
38591,Alternative
35987,Alternative
41593,Anime
80309,Anime
55791,Electronic
24376,Electronic
76148,Anime
41762,Jazz
53145,Rap
59523,Rap
70900,Blues
58592,Anime
38434,Blues
39635,Rap
67033,Electronic
20375,Alternative
43615,Jazz
62341,Anime
57724,Hip-Hop
80635,Rap
46026,Blues
41748,Rock
90890,Country
66413,Blues
84928,Blues
46145,Country
21156,Anime
20581,Electronic
84199,Rap
29208,Country
79520,Blues
62441,Electronic
42265,Rap
70806,Anime
77848,Country
75648,Anime
49026,Anime
35246,Blues
51470,Hip-Hop
51681,Blues
44017,Classical
36688,Rock
76340,Blues
60399,Electronic
73616,Rap
30693,Jazz
90155,Country
26535,Blues
71278,Country
68131,Electronic
20358,Country
53425,Electronic
81292,Anime
64374,Country
48669,Country
53875,Anime
31975,Country
76423,Anime
70598,Hip-Hop
47003,Hip-Hop
73661,Jazz
78936,Hip-Hop
89023,Jazz
73275,Blues
90867,Alternative
49520,Blues
47085,Electronic
68814,Blues
70478,Anime
21796,Country
70936,Classical
44197,Electronic
65639,Electronic
41293,Alternative
83422,Country
81407,Classical
77036,Electronic
43946,Anime
39797,Jazz
32828,Alternative
69698,Alternative
44642,Rap
67341,Country
37722,Rap
29313,Electronic
78640,Classical
23925,Hip-Hop
56770,Hip-Hop
35847,Country
82661,Blues
24484,Jazz
60768,Rap
23945,Alternative
82092,Jazz
72987,Hip-Hop
58452,Jazz
43732,Blues
71896,Jazz
59488,Electronic
23641,Alternative
29557,Electronic
73387,Electronic
43983,Country
37494,Classical
32415,Electronic
76374,Alternative
30635,Rap
84984,Blues
67927,Blues
65771,Rock
57781,Alternative
55735,Classical
37485,Electronic
33891,Jazz
42131,Anime
63313,Jazz
41638,Alternative
24494,Blues
22110,Country
83048,Rap
57804,Alternative
25430,Hip-Hop
72183,Electronic
85161,Alternative
88713,Country
70599,Blues
54413,Country
88277,Blues
58344,Jazz
57368,Rap
55674,Alternative
22501,Country
66647,Anime
79380,Blues
86361,Anime
59091,Anime
54445,Anime
47781,Classical
36456,Jazz
58560,Country
63962,Jazz
55241,Alternative
55908,Country
51492,Rap
71051,Electronic
84781,Blues
61565,Country
27079,Country
75937,Classical
91061,Electronic
85725,Rap
27902,Electronic
62328,Country
28290,Anime
64195,Electronic
58096,Electronic
50036,Blues
88173,Hip-Hop
30100,Hip-Hop
25660,Electronic
30728,Anime
85219,Electronic
47996,Classical
76138,Blues
80692,Alternative
46064,Blues
37360,Rap
72084,Classical
23063,Blues
26362,Blues
72238,Jazz
30498,Alternative
89345,Electronic
64559,Rap
82289,Country
33021,Rap
48331,Electronic
22569,Country
38918,Blues
91586,Hip-Hop
45022,Jazz
45170,Rap
35094,Electronic
60622,Alternative
45122,Blues
27477,Hip-Hop
40609,Blues
34573,Alternative
21542,Alternative
39497,Country
44238,Country
26788,Alternative
82086,Blues
21596,Alternative
82014,Classical
66562,Blues
44534,Electronic
85331,Classical
54162,Country
39258,Anime
72349,Jazz
84880,Electronic
82675,Anime
53177,Classical
84961,Country
29191,Alternative
70669,Hip-Hop
68175,Classical
83196,Alternative
25611,Blues
67598,Electronic
88181,Alternative
66032,Anime
59802,Electronic
49425,Electronic
37614,Anime
45731,Anime
55390,Hip-Hop
21310,Country
53598,Electronic
52415,Blues
65924,Blues
66293,Country
64910,Alternative
23263,Classical
85687,Country
42151,Country
81969,Blues
25287,Anime
72242,Blues
41700,Hip-Hop
78730,Rap
91221,Anime
88869,Alternative
73183,Blues
36676,Blues
31302,Country
39835,Country
35639,Country
77495,Blues
79779,Blues
89140,Electronic
60406,Country
21464,Classical
48138,Country
48435,Rap
32710,Jazz
29714,Blues
66651,Rap
49014,Hip-Hop
70591,Anime
73819,Electronic
90526,Country
51256,Blues
28734,Classical
24727,Classical
55037,Alternative
57988,Anime
25422,Electronic
65742,Blues
64978,Electronic
43250,Electronic
41887,Blues
29494,Rap
78887,Electronic
57611,Blues
20886,Jazz
38232,Classical
33088,Anime
30459,Alternative
41509,Anime
43494,Country
45177,Electronic
48013,Anime
79669,Anime
25755,Rap
21472,Rap
28890,Blues
74447,Anime
25323,Electronic
89616,Country
37299,Blues
53494,Electronic
32827,Jazz
69683,Anime
23872,Classical
63974,Electronic
37695,Classical
85700,Classical
50392,Country
74375,Rap
63939,Anime
76767,Hip-Hop
45290,Hip-Hop
82757,Rap
65739,Country
51604,Rap
87088,Blues
47913,Anime
57467,Blues
66622,Alternative
39713,Blues
37813,Electronic
53952,Rap
79253,Anime
49583,Jazz
52282,Rap
36158,Blues
68681,Electronic
26332,Anime
20830,Country
64079,Blues
54124,Electronic
53888,Jazz
87157,Electronic
81472,Anime
20843,Rap
27253,Electronic
25553,Anime
80849,Alternative
86283,Electronic
86278,Country
48804,Electronic
56436,Electronic
43471,Country
65177,Hip-Hop
38938,Anime
78310,Rap
49104,Blues
69999,Anime
74065,Anime
49880,Anime
87162,Electronic
25961,Jazz
49218,Hip-Hop
59664,Rap
30416,Anime
41979,Electronic
41751,Anime
53820,Electronic
59182,Rap
30953,Anime
79506,Hip-Hop
79511,Jazz
74900,Alternative
69817,Electronic
81691,Electronic
55421,Blues
70401,Electronic
76315,Country
52807,Electronic
42690,Anime
33657,Rap
82047,Hip-Hop
21497,Blues
21331,Hip-Hop
86624,Blues
27929,Blues
46890,Rap
68000,Classical
77177,Alternative
53301,Rap
67215,Rap
24448,Blues
46284,Rap
61653,Blues
85626,Blues
49890,Anime
47558,Anime
23188,Blues
74188,Electronic
58314,Anime
67904,Country
32300,Blues
43353,Rap
84798,Blues
32948,Classical
39487,Anime
45697,Jazz
77230,Classical
70699,Country
76142,Rap
85868,Electronic
66184,Blues
41189,Rap
88634,Electronic
63137,Country
46020,Alternative
23366,Blues
52590,Classical
78053,Anime
58885,Jazz
26501,Electronic
45476,Hip-Hop
21228,Electronic
43110,Jazz
58168,Rap
87247,Blues
81042,Electronic
91451,Electronic
90769,Hip-Hop
67092,Country
22707,Anime
60027,Hip-Hop
59372,Rap
79614,Blues
42232,Anime
78566,Electronic
74323,Hip-Hop
35250,Country
26487,Rap
77439,Classical
57556,Electronic
74918,Blues
64763,Country
20207,Country
67874,Alternative
32150,Electronic
74865,Electronic
87609,Jazz
75522,Blues
32168,Jazz
29840,Alternative
86888,Electronic
91604,Blues
56690,Blues
45586,Electronic
67339,Classical
72145,Blues
62311,Electronic
67041,Anime
51227,Electronic
68065,Blues
87058,Blues
33411,Rap
33551,Rap
77419,Rap
79402,Electronic
74033,Jazz
89481,Country
31686,Alternative
23381,Electronic
28307,Country
83362,Jazz
26896,Classical
76758,Electronic
21770,Jazz
86294,Rap
79063,Hip-Hop
37272,Country
47235,Blues
23517,Blues
51149,Electronic
41458,Rap
30552,Anime
91116,Hip-Hop
38405,Electronic
33893,Anime
72566,Blues
25542,Country
41098,Electronic
44394,Rap
70197,Country
56304,Country
86506,Blues
38665,Hip-Hop
35445,Country
37843,Hip-Hop
36739,Electronic
37085,Classical
32762,Country
46570,Jazz
24334,Blues
27609,Blues
24748,Blues
44270,Electronic
71516,Electronic
61853,Jazz
37976,Blues
64340,Blues
83980,Alternative
21351,Electronic
74994,Electronic
45754,Rap
25793,Blues
36911,Anime
36950,Classical
62781,Electronic
85873,Alternative
50557,Hip-Hop
66597,Rap
75632,Electronic
48653,Hip-Hop
23020,Classical
25153,Electronic
67335,Classical
53216,Classical
29536,Blues
85300,Country
43981,Jazz
20762,Country
48238,Electronic
88889,Rap
36639,Rap
81059,Alternative
21208,Alternative
70362,Country
45062,Electronic
62347,Blues
28424,Anime
60307,Blues
44660,Anime
84173,Blues
58214,Electronic
32853,Anime
65063,Blues
39861,Country
41054,Electronic
28826,Electronic
20700,Jazz
30870,Electronic
82378,Rap
39245,Hip-Hop
63985,Blues
39490,Blues
34909,Anime
67678,Electronic
72731,Electronic
50954,Jazz
78108,Hip-Hop
27297,Country
56808,Country
33865,Electronic
28331,Hip-Hop
88948,Electronic
29152,Blues
45256,Electronic
65950,Electronic
86650,Blues
59817,Hip-Hop
53167,Alternative
70702,Alternative
42880,Blues
72998,Country
83458,Blues
60926,Anime
21534,Rap
65268,Classical
31123,Country
70809,Blues
79491,Rap
20050,Hip-Hop
58250,Blues
50044,Anime
44445,Anime
46105,Jazz
61118,Anime
25902,Hip-Hop
91559,Blues
90719,Rap
89429,Electronic
59615,Country
50006,Jazz
47651,Alternative
32453,Blues
54844,Blues
36734,Electronic
83307,Blues
64429,Country
60702,Classical
39647,Electronic
64904,Country
28648,Country
75806,Rap
26278,Anime
57549,Blues
65748,Blues
73287,Anime
30513,Classical
56319,Anime
48586,Alternative
35897,Blues
69808,Anime
75701,Electronic
64931,Anime
28749,Country
68085,Electronic
89365,Electronic
47092,Jazz
72589,Electronic
90877,Anime
62628,Electronic
33549,Alternative
50672,Classical
80383,Jazz
91327,Electronic
39451,Electronic
76360,Electronic
59693,Electronic
65790,Classical
88908,Classical
55460,Anime
39533,Jazz
56296,Blues
32597,Country
54946,Country
60349,Blues
50325,Hip-Hop
26165,Blues
75418,Country
91254,Country
66757,Classical
83366,Alternative
36271,Rap
80009,Alternative
70441,Electronic
85226,Rap
37838,Anime
74749,Electronic
46286,Country
26352,Blues
22369,Alternative
46769,Electronic
73482,Rap
24409,Hip-Hop
87623,Jazz
31054,Blues
89801,Anime
41337,Alternative
66708,Hip-Hop
60854,Blues
71518,Country
30231,Hip-Hop
89498,Alternative
30153,Blues
20504,Anime
44258,Classical
36508,Country
29016,Anime
80038,Electronic
63643,Country
52593,Classical
83218,Anime
71618,Hip-Hop
69449,Classical
28736,Hip-Hop
27425,Alternative
36324,Blues
74771,Hip-Hop
87897,Blues
73861,Anime
25424,Electronic
54242,Blues
33620,Classical
48443,Alternative
88529,Rock
38694,Blues
77116,Alternative
85371,Electronic
57871,Blues
71531,Electronic
54707,Country
32146,Blues
49699,Electronic
28707,Rap
90326,Blues
32424,Anime
53209,Anime
61022,Anime
71281,Classical
87600,Rap
43100,Electronic
21584,Electronic
58841,Rap
61322,Hip-Hop
66682,Jazz
22639,Country
50109,Country
79872,Hip-Hop
58299,Country
39094,Electronic
34466,Country
38869,Country
36908,Anime
91518,Hip-Hop
62115,Blues
29384,Blues
59611,Electronic
61491,Blues
23147,Alternative
30948,Rap
43511,Hip-Hop
21175,Anime
35495,Anime
48154,Anime
69597,Jazz
21375,Alternative
47135,Rap
42333,Alternative
50563,Electronic
39727,Anime
34989,Blues
65760,Jazz
63024,Jazz
48836,Blues
49258,Alternative
68066,Blues
41451,Electronic
71745,Blues
71414,Country
31688,Rap
36874,Electronic
91646,Anime
89729,Electronic
71492,Electronic
77126,Anime
38280,Anime
35873,Alternative
79127,Electronic
90018,Hip-Hop
59819,Country
46900,Country
89869,Blues
61860,Alternative
77794,Jazz
69743,Classical
68991,Jazz
55896,Electronic
85715,Electronic
69012,Blues
48404,Rap
50194,Electronic
55689,Jazz
75017,Electronic
66949,Blues
69596,Blues
44215,Rap
87064,Electronic
32990,Jazz
61896,Country
32534,Jazz
21287,Electronic
57785,Country
69474,Electronic
32686,Anime
21392,Hip-Hop
87431,Hip-Hop
56876,Alternative
80862,Anime
35660,Alternative
46173,Electronic
25275,Blues
41818,Hip-Hop
82240,Jazz
29770,Rap
30593,Country
62184,Blues
61474,Electronic
57731,Classical
44511,Country
84714,Classical
74322,Country
87299,Classical
47272,Alternative
80961,Blues
41095,Country
83138,Hip-Hop
80195,Alternative
32520,Jazz
36565,Classical
81069,Classical
38263,Blues
60573,Classical
73251,Electronic
73223,Anime
49690,Hip-Hop
58347,Classical
64887,Alternative
64824,Blues
28635,Electronic
32129,Country
70529,Electronic
33939,Rap
22659,Hip-Hop
51398,Blues
52703,Classical
40584,Electronic
23830,Rap
73019,Blues
41083,Alternative
31767,Electronic
55905,Anime
88574,Blues
66514,Blues
41032,Jazz
82239,Country
56038,Country
29218,Jazz
91686,Alternative
25177,Blues
48155,Blues
88804,Rap
73211,Anime
40805,Anime
86809,Blues
21214,Blues
65618,Country
62265,Blues
39214,Alternative
51039,Blues
41292,Country
60998,Anime
22713,Blues
45200,Blues
52666,Electronic
42623,Blues
42649,Classical
51723,Electronic
39946,Country
58554,Rap
20385,Jazz
89106,Anime
82693,Country
62243,Electronic
65683,Rap
84762,Electronic
46640,Classical
43866,Electronic
82536,Anime
39699,Blues
82923,Blues
26668,Blues
29203,Alternative
68854,Country
30818,Hip-Hop
60003,Electronic
88193,Country
58980,Jazz
52044,Country
90483,Alternative
24201,Rap
75702,Jazz
88844,Anime
32560,Country
27241,Hip-Hop
28480,Electronic
70631,Blues
80471,Blues
35781,Anime
28251,Anime
62855,Blues
50596,Classical
83949,Blues
25747,Country
54341,Country
57899,Electronic
83119,Anime
88078,Electronic
65929,Electronic
29425,Hip-Hop
32691,Rap
58804,Blues
68885,Blues
36173,Hip-Hop
34995,Alternative
55179,Blues
22818,Rap
40554,Country
79281,Blues
58255,Rap
75178,Anime
70626,Alternative
22408,Jazz
73849,Blues
40768,Country
38122,Blues
52829,Blues
53234,Blues
24685,Alternative
32082,Country
44313,Electronic
73314,Jazz
51280,Electronic
80357,Anime
58645,Hip-Hop
80522,Anime
84573,Hip-Hop
58853,Anime
56049,Jazz
34458,Blues
28618,Blues
34633,Blues
37348,Anime
83489,Electronic
86886,Electronic
25557,Rap
31045,Classical
63983,Blues
76288,Electronic
62531,Classical
49461,Hip-Hop
39890,Rap
68960,Rap
75277,Blues
89518,Blues
60733,Electronic
50910,Jazz
49831,Anime
70909,Electronic
56485,Electronic
78985,Hip-Hop
52442,Hip-Hop
27760,Classical
74318,Jazz
49962,Jazz
51226,Blues
65290,Anime
77437,Country
61240,Alternative
55194,Electronic
33890,Rap
42581,Alternative
74264,Blues
72032,Anime
59407,Country
67658,Blues
33446,Blues
45225,Country
89135,Jazz
42364,Country
81128,Country
30120,Rap
21045,Classical
31284,Blues
84446,Anime
56921,Alternative
91621,Hip-Hop
49328,Anime
36706,Blues
53581,Country
80310,Electronic
89906,Alternative
29103,Hip-Hop
28949,Blues
67714,Classical
42644,Country
63433,Jazz
29922,Hip-Hop
39228,Hip-Hop
71972,Anime
32972,Electronic
23022,Anime
55576,Blues
85423,Anime
32013,Anime
35045,Electronic
78620,Electronic
60033,Anime
75144,Anime
27688,Classical
42540,Blues
21297,Alternative
79951,Jazz
68050,Blues
76572,Electronic
27090,Electronic
89688,Alternative
27128,Country
72202,Country
40806,Blues
49697,Rap
70344,Classical
60864,Blues
51768,Country
45003,Anime
71778,Anime
76817,Country
40828,Anime
44993,Alternative
44122,Blues
74612,Anime
41430,Anime
62162,Blues
45578,Blues
57259,Electronic
71987,Jazz
25035,Anime
63280,Blues
53988,Anime
58493,Country
41325,Alternative
39872,Blues
51150,Blues
41960,Rock
37572,Classical
59880,Blues
42955,Anime
63226,Classical
43752,Anime
84912,Electronic
34584,Blues
34280,Hip-Hop
20650,Rap
41476,Alternative
67393,Classical
35415,Alternative
51305,Anime
82306,Rap
26513,Blues
58716,Alternative
66276,Hip-Hop
60245,Electronic
59328,Anime
22863,Alternative
57943,Alternative
29311,Classical
59043,Rap
61733,Electronic
78165,Electronic
88027,Electronic
40034,Blues
83158,Country
45652,Jazz
69537,Jazz
21524,Blues
43765,Hip-Hop
74041,Alternative
31514,Rap
88188,Jazz
75416,Alternative
62003,Anime
62409,Alternative
20730,Hip-Hop
63126,Alternative
24266,Alternative
80172,Rap
32548,Classical
35785,Rap
56518,Alternative
61035,Jazz
25859,Blues
75624,Anime
37188,Rap
22453,Rap
49074,Electronic
67113,Country
40330,Blues
41839,Anime
27832,Anime
25689,Rap
60400,Classical
28902,Hip-Hop
74814,Blues
49120,Electronic
90502,Electronic
67997,Country
81866,Country
81427,Alternative
78819,Blues
20477,Rock
81447,Blues
68166,Rap
42270,Hip-Hop
90570,Electronic
90542,Classical
59764,Rap
63416,Jazz
32844,Alternative
66410,Hip-Hop
38754,Alternative
57397,Electronic
24895,Electronic
85111,Alternative
76544,Alternative
59796,Hip-Hop
57906,Rap
52234,Anime
41978,Jazz
33984,Anime
35863,Electronic
49940,Alternative
58146,Rap
86592,Country
87010,Alternative
50082,Electronic
31016,Anime
51211,Electronic
43404,Hip-Hop
53777,Hip-Hop
27075,Blues
36087,Alternative
46731,Anime
80170,Anime
34274,Hip-Hop
21972,Anime
34193,Rap
89697,Blues
33516,Electronic
71984,Electronic
31581,Jazz
86868,Blues
78440,Blues
72967,Country
45706,Alternative
25867,Classical
57329,Electronic
61077,Electronic
68687,Blues
48012,Blues
78268,Electronic
32325,Rap
66649,Electronic
36580,Blues
33094,Jazz
42759,Anime
56920,Classical
24377,Anime
54721,Electronic
32932,Electronic
33976,Anime
67296,Electronic
48292,Hip-Hop
65194,Anime
43685,Anime
71453,Blues
24357,Electronic
76509,Blues
73146,Blues
34654,Classical
88756,Alternative
55131,Hip-Hop
22331,Country
55189,Blues
41996,Electronic
56430,Alternative
26294,Hip-Hop
52392,Country
59456,Electronic
38680,Electronic
63857,Alternative
40004,Jazz
29852,Alternative
31781,Blues
47716,Rap
74334,Blues
57109,Blues
21404,Country
80346,Blues
48346,Jazz
81597,Blues
23446,Alternative
53351,Alternative
63730,Rap
68865,Electronic
86740,Country
86360,Blues
44153,Blues
28967,Anime
67912,Blues
65044,Jazz
39209,Country
27150,Electronic
68180,Hip-Hop
84741,Rap
36164,Classical
30710,Electronic
50010,Blues
90435,Country
62928,Electronic
89102,Electronic
51335,Electronic
22396,Country
89024,Electronic
51516,Blues
60897,Blues
56407,Electronic
65190,Jazz
53706,Anime
63938,Blues
58256,Electronic
22997,Anime
86901,Jazz
43823,Rap
32832,Country
91240,Alternative
77543,Anime
79967,Blues
66664,Anime
76001,Anime
48363,Anime
68234,Electronic
50219,Rap
27335,Jazz
79807,Rap
65214,Jazz
90138,Jazz
35523,Rap
53878,Blues
85386,Alternative
69341,Blues
47052,Rap
41980,Classical
86530,Blues
48403,Blues
86158,Classical
32292,Hip-Hop
20251,Hip-Hop
82888,Classical
73344,Electronic
34938,Rap
90679,Country
84167,Blues
33482,Alternative
47724,Anime
41760,Blues
91293,Blues
87280,Anime
27568,Classical
66322,Anime
29710,Electronic
76210,Blues
83465,Classical
70969,Blues
23052,Anime
83542,Jazz
54250,Electronic
65362,Electronic
68230,Electronic
65571,Jazz
57178,Anime
65921,Anime
72369,Electronic
66530,Classical
42735,Blues
52922,Country
84756,Country
55667,Alternative
54671,Classical
23163,Anime
89116,Rap
25226,Electronic
25514,Anime
39816,Electronic
79494,Rap
88157,Alternative
27590,Blues
39769,Country
76919,Electronic
80223,Electronic
83986,Electronic
20077,Rap
36656,Country
66168,Blues
43300,Blues
82211,Country
75999,Anime
78508,Rap
71489,Alternative
71218,Country
28212,Anime
48445,Electronic
83983,Country
29630,Rap
72235,Electronic
77711,Blues
40137,Electronic
53588,Alternative
80486,Anime
89512,Electronic
32014,Hip-Hop
49756,Anime
82181,Alternative
51508,Rap
44925,Electronic
55248,Alternative
52077,Country
67270,Jazz
20211,Blues
42280,Anime
91078,Hip-Hop
68915,Blues
91576,Hip-Hop
79384,Blues
59394,Blues
32652,Alternative
66332,Blues
28738,Hip-Hop
46811,Anime
81918,Country
39728,Blues
53188,Country
45647,Classical
77005,Anime
50235,Blues
84467,Country
34689,Alternative
33413,Blues
37777,Blues
38112,Blues
39971,Country
44529,Anime
90067,Country
22701,Blues
64071,Classical
52358,Electronic
22444,Classical
78680,Rap
21658,Country
31806,Electronic
80517,Classical
89428,Anime
46423,Hip-Hop
74810,Jazz
57380,Electronic
44988,Jazz
72132,Alternative
73412,Electronic
23543,Country
83926,Anime
50443,Classical
63618,Classical
29575,Blues
35290,Electronic
81244,Classical
66996,Anime
66164,Jazz
43048,Electronic
37723,Anime
34795,Hip-Hop
66836,Electronic
45997,Rap
62738,Anime
85064,Blues
88628,Electronic
67563,Electronic
80617,Country
22112,Rap
40531,Blues
29523,Country
39339,Hip-Hop
28721,Jazz
27856,Hip-Hop
87132,Electronic
68671,Alternative
34218,Blues
25570,Anime
91208,Country
91273,Jazz
37172,Electronic
51917,Electronic
52930,Hip-Hop
40928,Rap
24622,Blues
40701,Anime
36222,Jazz
40045,Blues
78140,Anime
72446,Alternative
28636,Rap
37015,Anime
36651,Anime
63124,Rap
48152,Blues
34429,Anime
28681,Rap
29474,Blues
89944,Electronic
86129,Hip-Hop
46599,Rap
62155,Country
87335,Jazz
61171,Blues
32943,Electronic
38757,Blues
44364,Alternative
27855,Country
60574,Rap
38936,Blues
68763,Rap
45378,Jazz
81188,Rap
89054,Hip-Hop
53559,Rap
73731,Classical
89558,Anime
48274,Jazz
25225,Hip-Hop
22518,Country
84916,Jazz
29594,Hip-Hop
23239,Blues
53554,Hip-Hop
66534,Blues
37969,Electronic
73774,Anime
22220,Electronic
40142,Hip-Hop
56683,Electronic
48348,Alternative
63768,Blues
47008,Alternative
34512,Blues
64560,Anime
67250,Alternative
74484,Electronic
32238,Country
50549,Country
56824,Blues
25193,Electronic
71447,Hip-Hop
23513,Blues
61791,Blues
90318,Country
33750,Blues
33576,Rap
83822,Alternative
67059,Country
54637,Blues
76587,Blues
43742,Country
81161,Anime
62118,Anime
47039,Blues
36556,Anime
66661,Alternative
51908,Anime
39416,Rap
35834,Blues
37904,Anime
68547,Country
34706,Classical
69564,Electronic
86895,Electronic
22541,Hip-Hop
48432,Blues
33590,Electronic
74609,Electronic
45206,Country
39398,Anime
35441,Anime
42883,Anime
56521,Rock
20031,Hip-Hop
27922,Blues
31429,Country
67675,Jazz
34225,Anime
22397,Hip-Hop
48271,Anime
63410,Electronic
89985,Country
81154,Classical
25091,Electronic
62897,Country
74112,Rap
45179,Electronic
62591,Electronic
48609,Classical
26210,Jazz
86058,Blues
80191,Alternative
71912,Hip-Hop
24051,Anime
54012,Hip-Hop
79149,Alternative
40793,Country
36791,Blues
55200,Jazz
86061,Jazz
27947,Country
53861,Alternative
21601,Blues
41414,Jazz
30335,Electronic
27790,Blues
90932,Anime
30792,Electronic
86292,Anime
43883,Country
89133,Classical
70274,Electronic
82154,Rap
46577,Rap
49834,Electronic
72241,Rap
81227,Blues
28530,Alternative
44561,Anime
51941,Blues
59445,Anime
31828,Anime
42703,Alternative
63039,Electronic
74872,Blues
41405,Rap
72432,Electronic
61270,Country
64056,Classical
64788,Blues
82668,Electronic
46958,Electronic
83646,Blues
68911,Country
21084,Electronic
70327,Country
30022,Classical
54442,Alternative
31599,Blues
61315,Blues
45069,Electronic
56172,Blues
35676,Rap
32138,Electronic
70269,Electronic
66648,Blues
45268,Electronic
28057,Electronic
38688,Country
20690,Jazz
58196,Jazz
60862,Anime
25864,Classical
54680,Anime
78483,Country
84319,Anime
34344,Country
77857,Blues
43662,Blues
38487,Rap
54861,Blues
79123,Classical
54891,Electronic
74001,Electronic
52987,Jazz
74435,Country
64730,Electronic
23793,Jazz
77927,Hip-Hop
65704,Hip-Hop
51038,Anime
34414,Classical
84149,Electronic
67845,Country
39820,Anime
59343,Blues
30163,Rap
43191,Alternative
74930,Anime
21591,Blues
79559,Electronic
73392,Anime
20611,Blues
63898,Electronic
67194,Classical
23828,Blues
55875,Rap
58354,Anime
32585,Alternative
87781,Electronic
24531,Blues
61337,Electronic
62039,Jazz
85785,Anime
28896,Anime
32301,Rap
21744,Alternative
64431,Electronic
63290,Anime
62761,Alternative
21236,Electronic
80601,Blues
48059,Blues
68651,Hip-Hop
52893,Classical
63344,Hip-Hop
88348,Hip-Hop
50494,Electronic
63175,Rap
83342,Jazz
65647,Blues
62977,Country
35008,Country
88470,Anime
86877,Blues
43117,Jazz
62569,Country
88429,Hip-Hop
37958,Rap
63799,Country
50420,Alternative
33097,Jazz
20739,Jazz
28900,Electronic
81423,Country
89331,Blues
63590,Anime
42101,Anime
90798,Jazz
58739,Blues
77699,Electronic
60608,Country
46009,Electronic
54988,Electronic
55499,Rap
42911,Electronic
80398,Jazz
77068,Anime
62645,Blues
59983,Rap
74349,Country
80323,Alternative
82970,Electronic
20926,Hip-Hop
62437,Anime
79764,Rap
38308,Anime
53963,Classical
50592,Electronic
85311,Country
41969,Electronic
59087,Electronic
44036,Country
54103,Country
39794,Rap
53006,Electronic
65399,Electronic
84837,Country
46137,Electronic
64516,Electronic
87015,Anime
41840,Alternative
38276,Classical
73210,Classical
83610,Country
33568,Jazz
25865,Classical
77804,Anime
58644,Anime
47760,Alternative
76515,Electronic
20598,Blues
67080,Country
21044,Blues
41878,Anime
70339,Anime
81317,Country
40320,Electronic
28372,Classical
37076,Anime
79513,Blues
25929,Alternative
83183,Country
25072,Rap
51366,Electronic
48004,Rap
50733,Anime
74818,Hip-Hop
23036,Anime
77046,Jazz
67631,Blues
69578,Anime
82260,Country
54231,Classical
37268,Country
37748,Hip-Hop
40863,Blues
80830,Blues
22789,Electronic
71769,Classical
22402,Alternative
67516,Anime
68538,Jazz
71181,Blues
55865,Hip-Hop
88546,Alternative
51583,Anime
55071,Anime
86643,Blues
68228,Rap
46539,Classical
51082,Blues
50715,Jazz
33062,Hip-Hop
83674,Electronic
32069,Country
53516,Anime
20808,Anime
57473,Alternative
37012,Electronic
33598,Country
46290,Electronic
55462,Hip-Hop
53692,Country
54765,Country
55671,Country
70542,Hip-Hop
50500,Alternative
70957,Electronic
78301,Electronic
36970,Classical
54675,Alternative
78460,Alternative
50673,Electronic
20515,Blues
32880,Electronic
37120,Blues
55315,Blues
51810,Electronic
25543,Electronic
70256,Blues
90091,Electronic
90553,Alternative
62664,Alternative
74616,Hip-Hop
65000,Blues
45710,Alternative
31774,Electronic
36172,Country
40134,Electronic
69469,Anime
43542,Country
54455,Anime
50085,Anime
85837,Alternative
91213,Blues
41557,Electronic
30880,Hip-Hop
22850,Rap
85833,Electronic
68489,Electronic
49497,Country
49272,Classical
73878,Electronic
64304,Electronic
79435,Anime
64740,Blues
22224,Jazz
85341,Rap
50156,Blues
35411,Electronic
88433,Anime
76598,Classical
84534,Blues
84433,Country
32719,Hip-Hop
28963,Hip-Hop
25571,Blues
40547,Electronic
71584,Electronic
71867,Electronic
61358,Country
73165,Classical
31652,Electronic
66206,Blues
41496,Anime
47280,Country
51806,Country
56318,Electronic
33537,Alternative
74123,Alternative
69136,Electronic
75526,Blues
44972,Blues
64735,Classical
66355,Electronic
32862,Electronic
49171,Classical
85903,Anime
45016,Classical
25344,Jazz
66840,Rap
88988,Electronic
51531,Rap
41685,Country
74377,Electronic
71074,Hip-Hop
46651,Anime
65111,Blues
53347,Blues
55695,Hip-Hop
56393,Rap
84644,Hip-Hop
60081,Jazz
58080,Alternative
28002,Hip-Hop
54665,Jazz
76820,Rap
78963,Rap
32479,Electronic
76223,Jazz
76818,Electronic
72203,Electronic
88737,Blues
47513,Blues
66907,Rap
54000,Electronic
46311,Rap
39730,Rap
66981,Country
25531,Electronic
89181,Electronic
59205,Electronic
88477,Anime
86758,Anime
72690,Electronic
46163,Blues
27047,Hip-Hop
88103,Blues
69372,Electronic
46593,Anime
80036,Rap
81542,Electronic
76305,Electronic
42552,Rap
74213,Hip-Hop
64197,Rock
55235,Alternative
63198,Alternative
45971,Alternative
24519,Electronic
32045,Jazz
46841,Country
87406,Anime
20938,Alternative
77493,Country
34505,Electronic
50255,Blues
68535,Blues
20931,Jazz
20587,Hip-Hop
45843,Country
37484,Blues
63707,Anime
79284,Country
75893,Country
36723,Country
84934,Country
89370,Hip-Hop
26734,Anime
60803,Alternative
83778,Jazz
60936,Country
81234,Electronic
74647,Country
87416,Electronic
89277,Blues
81045,Rap
59083,Blues
50977,Electronic
65227,Country
37274,Electronic
29942,Anime
28616,Anime
75097,Electronic
46138,Classical
87716,Blues
63886,Country
75769,Blues
51747,Anime
75445,Alternative
86036,Electronic
50661,Country
23504,Classical
70673,Anime
88261,Country
30080,Jazz
39922,Rap
86246,Blues
33481,Anime
20619,Electronic
56867,Anime
81167,Anime
81583,Jazz
48197,Electronic
51020,Hip-Hop
80697,Electronic
39187,Electronic
85917,Blues
64378,Country
71151,Alternative
51706,Rap
63264,Country
38148,Alternative
37067,Alternative
87309,Jazz
39925,Anime
49476,Blues
90918,Country
69478,Alternative
77715,Country
76516,Blues
32208,Hip-Hop
77582,Anime
62375,Electronic
91527,Electronic
21609,Blues
48099,Electronic
65251,Hip-Hop
27999,Classical
38394,Blues
48916,Jazz
34450,Rap
61107,Alternative
20784,Blues
34732,Blues
70106,Blues
64279,Rap
36621,Rap
82985,Blues
60526,Alternative
90706,Jazz
86153,Classical
72869,Blues
54090,Rap
75324,Blues
25574,Electronic
36304,Electronic
31673,Anime
46208,Jazz
91104,Electronic
36130,Rap
41959,Rap
39773,Blues
38981,Electronic
88463,Electronic
85431,Blues
49452,Alternative
82538,Classical
81449,Anime
82270,Electronic
35273,Country
20063,Anime
45162,Hip-Hop
75355,Electronic
54077,Electronic
44202,Blues
83093,Anime
60288,Classical
76033,Electronic
30136,Rock
58732,Electronic
60742,Electronic
77212,Country
50677,Rap
24565,Anime
88255,Anime
21425,Anime
76064,Rap
53539,Classical
54382,Electronic
78603,Rap
69240,Alternative
64236,Blues
23998,Classical
34980,Jazz
49288,Classical
74433,Blues
42189,Rap
84897,Blues
86738,Electronic
27641,Blues
41635,Jazz
84233,Classical
84169,Country
80592,Alternative
71577,Alternative
37669,Jazz
51597,Rap
32985,Hip-Hop
34547,Electronic
81756,Electronic
61688,Electronic
43619,Jazz
87511,Classical
48774,Rap
60910,Country
26243,Electronic
56892,Rap
75498,Hip-Hop
32774,Blues
48988,Hip-Hop
44196,Country
74963,Anime
68646,Electronic
57522,Jazz
88711,Blues
59937,Jazz
57202,Anime
90937,Anime
91193,Classical
71922,Rap
55650,Blues
70516,Anime
22765,Jazz
49054,Rock
31985,Electronic
60466,Alternative
42813,Anime
30417,Electronic
45469,Electronic
41765,Anime
33504,Rap
88285,Country
39603,Hip-Hop
70056,Country
39388,Anime
26176,Classical
32389,Electronic
31980,Anime
72832,Electronic
76955,Alternative
62072,Blues
32316,Electronic
86921,Country
59255,Jazz
57649,Electronic
67238,Jazz
29119,Blues
53816,Country
80019,Anime
36785,Anime
78259,Blues
89764,Jazz
48039,Hip-Hop
31446,Electronic
88175,Electronic
55246,Electronic
52157,Blues
57464,Classical
30733,Classical
59748,Rap
27309,Country
52251,Jazz
51734,Anime
90172,Country
33315,Jazz
62799,Classical
73737,Electronic
54772,Country
40686,Country
65422,Electronic
60673,Electronic
40477,Electronic
79377,Anime
26102,Anime
48428,Blues
83858,Alternative
20046,Anime
49376,Alternative
55039,Blues
90687,Blues
34408,Anime
63800,Blues
57682,Anime
51949,Country
62080,Electronic
53983,Blues
74652,Hip-Hop
31433,Anime
42419,Anime
72895,Hip-Hop
53758,Anime
36117,Electronic
66746,Electronic
68635,Hip-Hop
70758,Blues
22736,Electronic
60930,Anime
73517,Electronic
31782,Alternative
55312,Classical
39170,Rap
74695,Electronic
36777,Alternative
43780,Anime
75944,Alternative
67459,Hip-Hop
73801,Anime
33538,Alternative
66232,Rap
45851,Anime
32236,Country
78371,Country
51069,Jazz
32431,Electronic
48550,Electronic
79484,Alternative
66846,Anime
34590,Country
63427,Alternative
33301,Blues
70849,Electronic
40284,Blues
76200,Rap
26230,Blues
21545,Jazz
86632,Rap
60089,Country
20174,Blues
43442,Rap
65359,Blues
58376,Anime
32960,Jazz
83552,Jazz
68774,Blues
31926,Rap
85850,Electronic
32242,Electronic
74523,Alternative
50188,Rap
52709,Rap
70325,Anime
75031,Blues
76137,Electronic
58522,Country
82027,Rap
83903,Blues
62271,Blues
57450,Country
78994,Jazz
43909,Anime
30097,Electronic
55686,Blues
23831,Anime
65220,Hip-Hop
85918,Electronic
57303,Electronic
71360,Country
24844,Blues
91345,Electronic
76160,Anime
43584,Jazz
54059,Jazz
78523,Alternative
39712,Anime
23173,Classical
34240,Classical
22291,Blues
86869,Hip-Hop
75641,Rap
23346,Anime
77047,Blues
57616,Blues
74993,Alternative
41587,Electronic
21008,Anime
48453,Hip-Hop
22358,Blues
83666,Electronic
23101,Jazz
88750,Alternative
55614,Blues
45080,Blues
43768,Rap
50581,Blues
45356,Jazz
35917,Rap
59672,Classical
20418,Jazz
38661,Country
62100,Rap
62802,Rap
20320,Blues
25220,Blues
49250,Hip-Hop
87448,Blues
27349,Jazz
48259,Electronic
44321,Jazz
37518,Blues
45982,Rap
40393,Anime
83287,Electronic
91677,Anime
35635,Hip-Hop
38614,Anime
64397,Anime
46126,Country
60059,Country
84023,Electronic
27840,Electronic
52114,Rap
58718,Country
88037,Blues
71768,Blues
33135,Anime
24939,Rap
87662,Alternative
24842,Country
32902,Hip-Hop
84225,Blues
27723,Anime
51252,Rap
49854,Electronic
51528,Blues
23156,Classical
31779,Country
66429,Classical
67890,Anime
63632,Blues
23518,Blues
71748,Alternative
81954,Hip-Hop
57761,Classical
60403,Blues
49932,Classical
34976,Jazz
41383,Alternative
72167,Electronic
29473,Blues
30694,Electronic
65999,Country
22872,Electronic
49961,Hip-Hop
72610,Country
81239,Alternative
47490,Classical
37139,Alternative
52579,Anime
26965,Anime
65337,Country
37847,Electronic
67593,Electronic
76528,Anime
88166,Hip-Hop
23651,Alternative
49245,Classical
67252,Electronic
61669,Blues
77976,Electronic
23255,Electronic
49922,Country
53534,Blues
64527,Anime
53960,Anime
30658,Alternative
57302,Blues
25661,Electronic
89976,Electronic
51240,Anime
81310,Hip-Hop
29943,Alternative
73657,Blues
31544,Jazz
84972,Blues
53461,Electronic
64767,Classical
46904,Jazz
52280,Electronic
68240,Alternative
22266,Jazz
25765,Electronic
77686,Classical
91569,Rap
66704,Anime
65270,Electronic
76604,Electronic
47577,Anime
87311,Alternative
27070,Electronic
48793,Anime
87853,Electronic
58324,Classical
85010,Electronic
38771,Blues
23706,Blues
69287,Jazz
79139,Blues
81566,Rap
84744,Rap
84870,Blues
56903,Electronic
31722,Classical
45600,Rap
54606,Electronic
40209,Electronic
73823,Jazz
74571,Jazz
33019,Country
29348,Rap
35043,Country
30086,Classical
73229,Anime
49559,Country
81469,Rap
26435,Electronic
74150,Alternative
47076,Rap
59955,Hip-Hop
53156,Blues
88313,Alternative
58814,Classical
52731,Rap
41863,Blues
73776,Country
56583,Blues
29653,Anime
27580,Rap
51010,Blues
72491,Rap
87495,Country
44304,Electronic
67276,Blues
46781,Anime
64054,Classical
84459,Rap
53061,Electronic
23484,Blues
36122,Rap
46287,Jazz
33247,Blues
90592,Jazz
67542,Alternative
24432,Blues
73104,Classical
56045,Blues
57420,Electronic
80926,Jazz
82554,Jazz
79028,Classical
84840,Electronic
51323,Jazz
49998,Anime
78118,Anime
69848,Rap
88690,Blues
32843,Electronic
74018,Classical
57555,Blues
23673,Blues
37520,Country
22236,Blues
63217,Hip-Hop
30664,Rap
87108,Electronic
79353,Alternative
42888,Classical
45192,Rap
25754,Blues
87241,Classical
29524,Rap
82547,Electronic
90315,Hip-Hop
67111,Electronic
74792,Anime
44433,Country
39312,Electronic
86752,Anime
23485,Electronic
69502,Electronic
28761,Jazz
58163,Country
32043,Blues
33721,Rap
31770,Anime
29685,Country
90247,Anime
40372,Electronic
53275,Electronic
85078,Anime
37269,Anime
74532,Country
26366,Electronic
22158,Alternative
21794,Blues
55632,Blues
60659,Blues
76749,Anime
34370,Electronic
65429,Rap
49098,Jazz
81155,Rap
50933,Blues
70700,Anime
55113,Alternative
43635,Jazz
68322,Electronic
24234,Electronic
37507,Rap
27547,Hip-Hop
48217,Electronic
54252,Blues
56408,Electronic
35782,Anime
88239,Electronic
83304,Classical
46394,Blues
54454,Country
20676,Anime
37089,Hip-Hop
89219,Blues
57933,Jazz
22135,Anime
34902,Country
60016,Alternative
74766,Blues
47348,Rap
56803,Rap
61738,Rap
21003,Classical
41180,Country
90984,Alternative
27170,Country
43374,Hip-Hop
62777,Electronic
64216,Blues
24114,Country
34156,Hip-Hop
40347,Rock
49913,Rock
46434,Alternative
53066,Country
56423,Hip-Hop
53653,Hip-Hop
24883,Country
89554,Jazz
65967,Electronic
66614,Electronic
78132,Anime
46437,Anime
61482,Classical
53142,Electronic
82463,Anime
39386,Country
40169,Electronic
38074,Anime
45281,Blues
54873,Country
53531,Country
40110,Classical
40174,Anime
38116,Country
23972,Blues
67050,Blues
73544,Jazz
71460,Country
58035,Classical
53568,Electronic
27319,Classical
41508,Electronic
42934,Anime
35487,Jazz
48977,Blues
73300,Alternative
66060,Electronic
64628,Hip-Hop
78613,Rap
58843,Electronic
71611,Blues
24597,Jazz
59776,Blues
71780,Blues
70031,Anime
61892,Rap
59982,Rap
20265,Electronic
48006,Electronic
41194,Blues
60640,Classical
88272,Blues
37217,Anime
49694,Blues
28822,Classical
91064,Blues
25911,Blues
21924,Blues
29296,Electronic
40395,Rap
43197,Rap
67195,Electronic
53104,Electronic
49862,Electronic
22069,Blues
65076,Country
38955,Rap
68338,Anime
49396,Electronic
51469,Blues
52716,Electronic
56268,Blues
24143,Alternative
37807,Jazz
84442,Jazz
28695,Country
58786,Country
71068,Hip-Hop
20528,Anime
29157,Anime
65962,Classical
39107,Electronic
39649,Electronic
87913,Hip-Hop
83131,Country
77824,Blues
74708,Hip-Hop
21238,Country
60166,Blues
27773,Classical
88047,Alternative
77238,Classical
69097,Electronic
88817,Blues
44965,Anime
85310,Anime
41905,Alternative
68709,Hip-Hop
56695,Electronic
76391,Electronic
86076,Hip-Hop
23283,Rap
86649,Anime
67707,Hip-Hop
83902,Classical
29535,Electronic
59238,Blues
36277,Blues
81219,Rap
53408,Anime
42487,Anime
27762,Classical
55470,Hip-Hop
38695,Alternative
86422,Rap
86520,Electronic
82696,Blues
42947,Blues
72726,Country
58734,Classical
24001,Electronic
76819,Hip-Hop
67349,Electronic
84139,Country
22499,Alternative
39965,Blues
26177,Alternative
78715,Jazz
73135,Electronic
29573,Blues
82048,Hip-Hop
77511,Electronic
42421,Electronic
30592,Blues
60193,Country
48554,Anime
36913,Jazz
27637,Electronic
91632,Blues
88879,Blues
31538,Alternative
74021,Rap
24142,Country
40907,Jazz
25333,Rap
26021,Blues
48815,Rap
24366,Rap
80764,Anime
37492,Rap
63000,Classical
89716,Electronic
23175,Country
20275,Electronic
51253,Rap
43052,Anime
50395,Electronic
66235,Blues
81684,Country
89652,Country
25521,Anime
75775,Electronic
56587,Hip-Hop
86281,Electronic
55996,Alternative
87110,Classical
65893,Jazz
56886,Alternative
45556,Blues
34141,Rap
31963,Alternative
68212,Alternative
20624,Electronic
82456,Country
82891,Blues
50086,Electronic
88093,Blues
33896,Alternative
46256,Classical
67093,Anime
59347,Anime
52840,Hip-Hop
76025,Blues
76499,Blues
66894,Blues
40794,Electronic
53098,Blues
51897,Electronic
34917,Blues
68600,Alternative
73783,Blues
68758,Classical
50725,Blues
23584,Jazz
28533,Classical
89916,Rap
83816,Blues
73939,Hip-Hop
86954,Rap
33098,Rap
36957,Electronic
59203,Electronic
55119,Anime
38233,Hip-Hop
31303,Jazz
70354,Electronic
85042,Rap
31242,Hip-Hop
82718,Jazz
50598,Rap
42870,Electronic
38078,Blues
48881,Blues
32024,Electronic
47415,Blues
37730,Rap
36921,Electronic
76915,Alternative
57139,Anime
21974,Blues
61602,Rap
87266,Hip-Hop
91578,Blues
70967,Rap
71812,Alternative
56132,Electronic
44781,Country
81985,Blues
49506,Anime
81606,Jazz
51096,Anime
89253,Country
57088,Classical
74511,Anime
23198,Hip-Hop
64506,Anime
58722,Hip-Hop
44106,Country
83035,Electronic
68494,Electronic
22431,Jazz
69369,Country
36680,Rap
37517,Country
32244,Anime
70514,Classical
78324,Anime
47521,Electronic
28273,Country
83948,Anime
68100,Anime
50484,Jazz
77619,Electronic
40511,Country
68921,Rap
41945,Country
55244,Rap
44111,Anime
22994,Rap
53711,Electronic
20473,Anime
71419,Electronic
30352,Country
42803,Country
24072,Electronic
42329,Blues
34582,Electronic
58965,Hip-Hop
75206,Electronic
46946,Country
25919,Blues
88421,Jazz
57431,Electronic
27720,Electronic
80647,Blues
89681,Blues
51916,Rap
87908,Alternative
30859,Electronic
87573,Country
72969,Anime
24194,Rap
68428,Rap
36501,Alternative
63037,Jazz
34922,Jazz
54586,Anime
30449,Alternative
29544,Hip-Hop
75887,Electronic
56002,Blues
48904,Alternative
83066,Rap
23612,Alternative
62015,Rap
80705,Alternative
81052,Rap
39477,Electronic
74029,Alternative
56978,Classical
71954,Country
69971,Alternative
65581,Electronic
44653,Alternative
64846,Country
44933,Jazz
33769,Blues
26726,Alternative
81633,Classical
69689,Blues
60663,Classical
64109,Blues
85721,Anime
65187,Rap
84436,Anime
69959,Electronic
40740,Classical
65959,Anime
77108,Classical
79394,Electronic
35141,Jazz
29835,Blues
44010,Classical
56635,Classical
90145,Anime
70227,Blues
71232,Anime
58021,Anime
58913,Electronic
64890,Hip-Hop
36541,Blues
69839,Electronic
36933,Rap
60324,Jazz
29320,Country
40332,Jazz
88355,Blues
83085,Anime
56076,Hip-Hop
40595,Anime
86139,Electronic
26438,Blues
34852,Alternative
80841,Rap
90683,Blues
60390,Blues
80464,Classical
54325,Classical
22936,Hip-Hop
80767,Rap
84186,Jazz
32077,Classical
48949,Electronic
80580,Anime
56550,Alternative
78512,Country
55937,Alternative
23327,Hip-Hop
78356,Country
90942,Anime
81342,Blues
62745,Classical
85455,Anime
72602,Electronic
53100,Classical
64711,Blues
56419,Electronic
84049,Anime
52632,Hip-Hop
33415,Blues
35376,Electronic
75722,Hip-Hop
55642,Electronic
22262,Blues
30848,Anime
58098,Country
67153,Hip-Hop
47033,Alternative
42034,Rap
63179,Hip-Hop
52343,Blues
46118,Jazz
73395,Alternative
56125,Anime
50015,Electronic
55704,Alternative
20241,Electronic
25098,Country
91676,Electronic
49556,Jazz
54874,Jazz
42665,Electronic
59925,Classical
73734,Country
66346,Electronic
31075,Blues
61771,Anime
85763,Anime
47109,Country
61495,Rap
33293,Alternative
31801,Alternative
78423,Electronic
64427,Jazz
46851,Alternative
23233,Anime
24466,Electronic
69195,Electronic
66588,Electronic
43488,Electronic
50651,Electronic
71893,Rap
42846,Anime
86287,Hip-Hop
73683,Rap
89536,Rap
36855,Hip-Hop
33240,Blues
68314,Country
35705,Classical
91672,Anime
75902,Blues
63924,Alternative
91136,Anime
51578,Country
31804,Anime
52573,Electronic
75864,Electronic
22034,Hip-Hop
42639,Electronic
48583,Anime
35483,Alternative
35632,Jazz
52031,Country
87952,Hip-Hop
82808,Alternative
69390,Anime
78999,Jazz
83389,Classical
74104,Alternative
41249,Jazz
89922,Country
74596,Electronic
35909,Alternative
23853,Hip-Hop
69032,Rap
41817,Country
48778,Blues
68422,Blues
50565,Anime
55605,Hip-Hop
29469,Hip-Hop
48125,Alternative
63223,Electronic
81700,Anime
35612,Jazz
48312,Electronic
20416,Classical
37533,Classical
25117,Country
27234,Blues
24391,Alternative
72707,Rap
22697,Alternative
56983,Anime
24799,Anime
60582,Electronic
74776,Anime
61061,Electronic
52478,Classical
27545,Blues
57525,Anime
90910,Rap
21486,Classical
79507,Blues
90593,Blues
49682,Anime
78202,Country
83279,Blues
25721,Blues
40700,Electronic
58603,Country
33961,Country
38346,Rap
85589,Blues
50792,Electronic
29803,Hip-Hop
91412,Classical
68103,Classical
33530,Alternative
25469,Blues
62616,Electronic
53290,Country
76727,Country
76881,Blues
91049,Jazz
50428,Electronic
80099,Hip-Hop
29115,Blues
55743,Blues
44045,Country
49698,Rap
66318,Anime
83270,Hip-Hop
34088,Anime
39222,Anime
53412,Anime
60512,Country
42399,Blues
32616,Electronic
91488,Electronic
50449,Anime
77966,Electronic
88695,Anime
26355,Blues
78599,Blues
62316,Electronic
28843,Rap
71375,Blues
46867,Blues
79622,Anime
84681,Electronic
22731,Alternative
26289,Blues
52642,Blues
73313,Electronic
72417,Hip-Hop
75671,Classical
89501,Anime
40058,Alternative
87535,Anime
48166,Blues
32018,Electronic
77798,Alternative
28691,Blues
47114,Anime
83637,Classical
35692,Jazz
38993,Rap
39197,Blues
68879,Blues
34180,Rap
83437,Country
71410,Anime
32954,Country
85906,Hip-Hop
47579,Classical
55291,Alternative
49779,Electronic
31395,Country
46894,Blues
82268,Blues
66952,Electronic
44443,Alternative
24037,Country
77455,Blues
63170,Anime
58698,Hip-Hop
21834,Rap
76191,Alternative
50210,Blues
81941,Electronic
67547,Blues
26757,Hip-Hop
39514,Hip-Hop
83008,Anime
50613,Rap
34924,Alternative
54490,Alternative
65388,Blues
66830,Alternative
72593,Blues
35235,Classical
91279,Classical
69692,Blues
76571,Rock
53822,Electronic
82133,Rap
77350,Blues
22284,Electronic
87983,Anime
75466,Rap
30767,Rap
51816,Country
60344,Country
34697,Blues
50532,Country
26255,Rap
67924,Rap
79778,Electronic
47986,Blues
